{"stats":{"minecraft:killed_by":{"iceandfire:deathworm":1,"iceandfire:ghost":1},"minecraft:killed":{"vampirism:vampire":1,"minecraft:husk":1,"minecraft:spider":1,"minecraft:skeleton":7,"iceandfire:ghost":4,"minecraft:zombie":1,"iceandfire:deathworm":1},"minecraft:crafted":{"minecraft:oak_planks":40,"minecraft:crafting_table":1,"minecraft:iron_helmet":2,"minecraft:iron_sword":1,"minecraft:furnace":1,"minecraft:bread":94,"minecraft:air":0,"minecraft:iron_chestplate":2,"minecraft:stick":20,"minecraft:iron_ingot":49,"minecraft:iron_pickaxe":1,"minecraft:stone_pickaxe":2,"minecraft:wooden_axe":1,"minecraft:iron_leggings":2,"minecraft:torch":32,"minecraft:wheat":270},"minecraft:custom":{"minecraft:interact_with_furnace":28,"minecraft:mob_kills":16,"minecraft:open_barrel":4,"vampirism:interact_with_garlic_diffuser":2,"minecraft:interact_with_cartography_table":1,"minecraft:interact_with_crafting_table":23,"vampirism:interact_with_research_table":3,"minecraft:time_since_death":1748,"minecraft:climb_one_cm":1935,"minecraft:time_since_rest":1785,"minecraft:sprint_one_cm":50366,"minecraft:damage_taken":1199,"minecraft:walk_one_cm":295451,"minecraft:trigger_trapped_chest":2,"minecraft:drop":45,"minecraft:damage_dealt":3567,"minecraft:swim_one_cm":7864,"minecraft:fly_one_cm":115608,"minecraft:open_chest":21,"minecraft:crouch_one_cm":2661,"minecraft:play_time":88483,"minecraft:deaths":3,"minecraft:sneak_time":1169,"minecraft:walk_under_water_one_cm":4431,"minecraft:interact_with_lectern":1,"minecraft:jump":1192,"minecraft:walk_on_water_one_cm":25735,"minecraft:total_world_time":88483,"minecraft:fall_one_cm":23552},"minecraft:used":{"minecraft:stone_pickaxe":262,"minecraft:iron_sword":80,"minecraft:rotten_flesh":1,"minecraft:torch":6,"minecraft:crafting_table":2,"minecraft:spruce_log":2,"minecraft:wooden_axe":59,"vampirism:item_tent":1,"minecraft:bread":10,"minecraft:iron_pickaxe":133,"minecraft:cobblestone":79,"minecraft:furnace":1,"minecraft:andesite":1,"minecraft:cobbled_deepslate":4},"minecraft:broken":{"minecraft:stone_pickaxe":2,"minecraft:wooden_axe":1},"minecraft:picked_up":{"minecraft:crafting_table":1,"vampirism:vampire_book":1,"vampirism:item_tent":4,"minecraft:glow_ink_sac":6,"minecraft:andesite":66,"minecraft:wooden_pickaxe":1,"minecraft:tuff":5,"create:raw_zinc":9,"minecraft:oak_log":10,"gravestone:obituary":4,"minecraft:cobblestone_wall":1,"minecraft:lapis_lazuli":121,"minecraft:raw_copper":5,"minecraft:item_frame":1,"minecraft:bone":9,"minecraft:apple":1,"minecraft:candle":3,"minecraft:cartography_table":1,"minecraft:cobbled_deepslate":35,"minecraft:raw_gold":5,"minecraft:grindstone":1,"minecraft:stone_pickaxe":7,"vampirism:holy_water_bottle_ultimate":1,"minecraft:oak_planks":1,"minecraft:iron_boots":1,"minecraft:raw_iron":31,"iceandfire:dragonbone":3,"vampirism:fire_place":1,"vampirism:crucifix_normal":1,"minecraft:torch":2,"iceandfire:dragon_skull_fire":1,"minecraft:sand":40,"vampirism:vampire_fang":1,"minecraft:spruce_log":2,"minecraft:redstone":71,"minecraft:arrow":10,"minecraft:rotten_flesh":6,"minecraft:diamond":2,"minecraft:hay_block":39,"create:veridium":11,"minecraft:oak_sapling":1,"vampirism:armor_of_swiftness_chest_ultimate":1,"minecraft:coal":49,"iceandfire:raw_silver":19,"minecraft:cobblestone":139},"minecraft:mined":{"create:zinc_ore":1,"minecraft:deepslate_redstone_ore":16,"create:deepslate_zinc_ore":8,"minecraft:tuff":5,"iceandfire:silver_ore":8,"minecraft:deepslate_diamond_ore":2,"minecraft:candle":1,"vampirism:tent_main":1,"minecraft:crafting_table":2,"minecraft:torch":2,"gravestone:gravestone":3,"minecraft:copper_ore":2,"minecraft:deepslate_coal_ore":3,"minecraft:deepslate_gold_ore":2,"minecraft:lapis_ore":7,"minecraft:grindstone":1,"minecraft:cartography_table":1,"minecraft:hay_block":40,"minecraft:iron_ore":18,"minecraft:spruce_log":1,"minecraft:andesite":68,"vampirism:tent":2,"minecraft:deepslate_lapis_ore":11,"minecraft:coal_ore":45,"minecraft:oak_log":10,"minecraft:deepslate_iron_ore":4,"vampirism:fire_place":1,"minecraft:sand":27,"minecraft:stone":142,"create:veridium":11,"minecraft:gold_ore":3,"minecraft:oak_leaves":4,"minecraft:deepslate":38},"minecraft:dropped":{"minecraft:iron_ingot":4,"iceandfire:raw_silver":5,"minecraft:glow_ink_sac":6,"minecraft:cobblestone_wall":1,"vampirism:vampire_book":1,"minecraft:tuff":5,"vampirism:holy_water_bottle_ultimate":1,"minecraft:iron_helmet":1,"minecraft:cobblestone":1,"minecraft:oak_planks":1,"minecraft:apple":1,"vampirism:item_tent":2,"vampirism:armor_of_swiftness_chest_ultimate":1,"create:veridium":11,"minecraft:torch":16,"minecraft:iron_chestplate":1,"minecraft:andesite":1,"minecraft:oak_sapling":1,"minecraft:iron_leggings":1,"gravestone:obituary":5,"minecraft:sand":16,"create:raw_zinc":9,"iceandfire:dragonbone":3}},"DataVersion":3465}