{"stats":{"minecraft:killed":{"minecraft:skeleton":4,"minecraft:husk":2,"minecraft:pig":3,"minecraft:rabbit":2,"minecraft:zombie":1,"iceandfire:ghost":2},"minecraft:killed_by":{"vampirism:advanced_vampire":1,"minecraft:skeleton":1,"vampirism:vampire":1},"minecraft:crafted":{"minecraft:oak_planks":28,"minecraft:furnace":1,"minecraft:iron_boots":2,"minecraft:stone_pickaxe":17,"minecraft:chest":3,"minecraft:wheat":477,"minecraft:cooked_porkchop":4,"minecraft:crafting_table":1,"minecraft:wooden_pickaxe":1,"minecraft:iron_sword":1,"minecraft:birch_planks":28,"minecraft:stone_axe":1,"minecraft:bread":71,"minecraft:air":0,"minecraft:jungle_planks":28,"minecraft:stick":92,"minecraft:iron_ingot":60,"minecraft:iron_pickaxe":2,"minecraft:wooden_axe":1,"minecraft:torch":52,"minecraft:polished_andesite":4,"ironchest:iron_chest":1},"minecraft:custom":{"minecraft:interact_with_smithing_table":3,"minecraft:mob_kills":19,"minecraft:interact_with_crafting_table":40,"minecraft:time_since_death":24351,"minecraft:climb_one_cm":1929,"minecraft:sprint_one_cm":169604,"minecraft:walk_one_cm":147563,"minecraft:drop":43,"minecraft:talked_to_villager":1,"minecraft:play_time":88977,"minecraft:deaths":5,"minecraft:sneak_time":3205,"minecraft:walk_under_water_one_cm":2533,"minecraft:jump":1553,"minecraft:walk_on_water_one_cm":12510,"minecraft:total_world_time":88977,"minecraft:interact_with_furnace":38,"minecraft:interact_with_grindstone":2,"minecraft:time_since_rest":24382,"minecraft:damage_taken":2488,"minecraft:trigger_trapped_chest":4,"minecraft:damage_dealt":3427,"minecraft:swim_one_cm":18415,"minecraft:fly_one_cm":243445,"minecraft:open_chest":34,"minecraft:crouch_one_cm":2222,"minecraft:fall_one_cm":49293},"minecraft:broken":{"minecraft:stone_pickaxe":4,"minecraft:stone_axe":1,"minecraft:wooden_axe":1},"minecraft:used":{"create:veridium":11,"minecraft:chest":2,"minecraft:iron_sword":73,"minecraft:torch":76,"create:ochrum":1,"ironchest:iron_chest":1,"minecraft:tuff":1,"minecraft:granite":9,"minecraft:wooden_axe":58,"vampirism:item_tent":1,"minecraft:birch_sapling":2,"minecraft:smooth_sandstone":2,"minecraft:furnace":1,"minecraft:cobbled_deepslate":9,"minecraft:diorite":6,"minecraft:polished_andesite":4,"minecraft:stone_pickaxe":680,"minecraft:wooden_pickaxe":22,"minecraft:sand":1,"minecraft:crafting_table":4,"minecraft:oak_log":3,"minecraft:melon_slice":7,"minecraft:bread":18,"minecraft:iron_pickaxe":185,"minecraft:stone_axe":77,"minecraft:cobblestone":19,"minecraft:cooked_porkchop":4},"minecraft:picked_up":{"minecraft:cocoa_beans":6,"minecraft:crafting_table":3,"minecraft:iron_chestplate":1,"minecraft:wheat":3,"minecraft:smithing_table":1,"minecraft:wither_rose":2,"gravestone:obituary":3,"minecraft:string":2,"minecraft:raw_copper":69,"minecraft:iron_leggings":1,"minecraft:cobbled_deepslate":24,"minecraft:melon_slice":7,"minecraft:sugar_cane":5,"minecraft:birch_sapling":2,"minecraft:raw_iron":87,"minecraft:stick":42,"iceandfire:dragonbone":26,"iceandfire:deathworm_chitin_red":2,"minecraft:torch":24,"minecraft:spruce_fence":1,"minecraft:porkchop":4,"vampirism:alchemical_cauldron":1,"minecraft:diorite":13,"iceandfire:deathworm_chitin_white":6,"minecraft:redstone":47,"vampirism:hunter_table":1,"minecraft:arrow":2,"minecraft:cactus":7,"minecraft:rotten_flesh":9,"create:ochrum":1,"iceandfire:deathworm_chitin_yellow":2,"minecraft:hay_block":53,"create:veridium":11,"minecraft:cobblestone":369,"minecraft:birch_log":7,"vampirism:weapon_table":1,"vampirism:vampire_book":1,"vampirism:item_tent":2,"minecraft:glow_ink_sac":6,"minecraft:andesite":214,"minecraft:jungle_log":7,"minecraft:tuff":1,"create:raw_zinc":10,"minecraft:oak_log":36,"minecraft:lapis_lazuli":21,"minecraft:smooth_sandstone":2,"minecraft:bone":4,"minecraft:raw_gold":28,"minecraft:stone_pickaxe":1,"minecraft:rabbit_hide":2,"minecraft:iron_ingot":4,"minecraft:rabbit":1,"vampirism:holy_water_bottle_ultimate":1,"minecraft:iron_sword":1,"vampirism:potion_table":1,"vampirism:crucifix_normal":1,"iceandfire:dragon_skull_fire":2,"minecraft:sand":2,"minecraft:iron_helmet":1,"minecraft:granite":14,"minecraft:oak_sapling":16,"iceandfire:raw_silver":12,"minecraft:coal":48,"vampirism:armor_of_swiftness_chest_ultimate":2},"minecraft:mined":{"create:deepslate_zinc_ore":10,"minecraft:tuff":1,"iceandfire:silver_ore":6,"minecraft:glow_lichen":1,"minecraft:granite":14,"gravestone:gravestone":5,"minecraft:spruce_fence":1,"minecraft:jungle_log":7,"create:ochrum":1,"vampirism:weapon_table":1,"vampirism:hunter_table":1,"minecraft:hay_block":53,"minecraft:redstone_ore":6,"vampirism:potion_table":1,"minecraft:iron_ore":78,"minecraft:andesite":214,"minecraft:deepslate_lapis_ore":2,"minecraft:vine":6,"minecraft:deepslate_iron_ore":8,"minecraft:stone":363,"minecraft:smithing_table":1,"minecraft:deepslate_redstone_ore":5,"vampirism:tent_main":1,"minecraft:crafting_table":2,"minecraft:smooth_sandstone":2,"minecraft:torch":6,"minecraft:melon":2,"vampirism:alchemical_cauldron":1,"minecraft:dead_bush":1,"minecraft:tall_grass":3,"minecraft:cobblestone":2,"minecraft:copper_ore":12,"minecraft:deepslate_gold_ore":15,"minecraft:lapis_ore":1,"minecraft:sugar_cane":2,"minecraft:diorite":9,"minecraft:wall_torch":1,"minecraft:deepslate_copper_ore":8,"minecraft:cactus":4,"minecraft:cobblestone_wall":1,"minecraft:birch_log":7,"minecraft:spruce_log":1,"minecraft:birch_leaves":1,"minecraft:wither_rose":2,"minecraft:grass":12,"minecraft:coal_ore":49,"minecraft:oak_log":36,"minecraft:cocoa":1,"minecraft:sand":2,"minecraft:cobweb":2,"minecraft:gold_ore":13,"minecraft:deepslate":31,"minecraft:fern":4},"minecraft:dropped":{"iceandfire:raw_silver":12,"minecraft:iron_sword":1,"vampirism:vampire_book":1,"minecraft:cobblestone":5,"minecraft:stick":76,"minecraft:rabbit":1,"gravestone:obituary":8,"iceandfire:dragon_skull_fire":1,"minecraft:bone":2,"minecraft:sugar_cane":5,"vampirism:holy_water_bottle_ultimate":1,"minecraft:wheat":3,"minecraft:raw_iron":9,"minecraft:rotten_flesh":9,"minecraft:iron_boots":1,"vampirism:armor_of_swiftness_chest_ultimate":2,"minecraft:spruce_fence":1,"minecraft:rabbit_hide":2,"minecraft:stone_pickaxe":9,"minecraft:wooden_pickaxe":1}},"DataVersion":3465}