{"stats":{"minecraft:used":{"minecraft:iron_shovel":27,"create:veridium":11,"minecraft:chest":2,"minecraft:iron_sword":123,"vampirism:item_alchemical_fire":3,"minecraft:oak_door":3,"minecraft:torch":107,"create:ochrum":1,"ironchest:iron_chest":4,"minecraft:tuff":1,"minecraft:granite":9,"minecraft:wooden_axe":58,"vampirism:item_tent":4,"vampirism:alchemical_cauldron":1,"minecraft:iron_axe":1,"minecraft:birch_sapling":2,"minecraft:smooth_sandstone":2,"minecraft:furnace":3,"minecraft:cobbled_deepslate":9,"vampirism:weapon_table":1,"minecraft:diorite":6,"minecraft:stone_pickaxe":680,"minecraft:polished_andesite":4,"minecraft:wooden_pickaxe":22,"minecraft:sandstone":35,"minecraft:cobblestone_slab":3,"minecraft:sand":15,"minecraft:crafting_table":5,"vampirism:hunter_table":1,"minecraft:oak_log":3,"minecraft:iron_pickaxe":350,"minecraft:bread":36,"minecraft:melon_slice":7,"minecraft:stone_axe":77,"minecraft:cobblestone":367,"vampirism:potion_table":1,"minecraft:smithing_table":1,"minecraft:cooked_porkchop":4},"minecraft:mined":{"minecraft:tuff":1,"create:deepslate_zinc_ore":10,"iceandfire:silver_ore":6,"minecraft:oak_door":1,"minecraft:glow_lichen":1,"gravestone:gravestone":5,"minecraft:granite":17,"minecraft:spruce_fence":1,"minecraft:jungle_log":7,"create:ochrum":1,"vampirism:weapon_table":1,"vampirism:hunter_table":1,"minecraft:sandstone":18,"minecraft:hay_block":53,"minecraft:redstone_ore":6,"vampirism:potion_table":1,"minecraft:furnace":2,"minecraft:iron_ore":78,"minecraft:andesite":214,"minecraft:deepslate_lapis_ore":2,"minecraft:gold_block":1,"minecraft:deepslate_iron_ore":8,"minecraft:cobblestone_slab":1,"minecraft:vine":6,"minecraft:stone":457,"minecraft:smithing_table":1,"minecraft:deepslate_redstone_ore":5,"vampirism:tent_main":3,"minecraft:smooth_sandstone":2,"minecraft:crafting_table":3,"minecraft:torch":10,"minecraft:poppy":1,"minecraft:melon":2,"vampirism:alchemical_cauldron":1,"minecraft:dead_bush":1,"minecraft:copper_ore":12,"minecraft:tall_grass":5,"minecraft:cobblestone":43,"minecraft:lapis_ore":1,"minecraft:deepslate_gold_ore":15,"minecraft:sugar_cane":2,"minecraft:diorite":9,"minecraft:wall_torch":12,"minecraft:deepslate_copper_ore":8,"minecraft:cactus":4,"minecraft:cobblestone_wall":1,"minecraft:birch_log":7,"minecraft:spruce_log":1,"minecraft:birch_leaves":1,"minecraft:wither_rose":2,"minecraft:grass":21,"minecraft:oak_log":36,"minecraft:coal_ore":49,"minecraft:cocoa":1,"minecraft:sand":45,"minecraft:cobweb":2,"minecraft:netherrack":1,"minecraft:gold_ore":13,"minecraft:deepslate":31,"minecraft:fern":4},"minecraft:killed":{"minecraft:skeleton":4,"minecraft:chicken":1,"minecraft:husk":2,"minecraft:pig":3,"minecraft:rabbit":4,"minecraft:zombie":3,"iceandfire:ghost":2,"minecraft:cow":4},"minecraft:broken":{"minecraft:stone_pickaxe":4,"minecraft:stone_axe":1,"minecraft:iron_pickaxe":1,"minecraft:wooden_axe":1},"minecraft:custom":{"minecraft:interact_with_smithing_table":3,"minecraft:mob_kills":29,"minecraft:interact_with_crafting_table":50,"minecraft:damage_dealt_resisted":123,"minecraft:leave_game":4,"minecraft:time_since_death":86853,"minecraft:climb_one_cm":3570,"vampirism:interact_alchemical_cauldron":2,"minecraft:sprint_one_cm":227977,"minecraft:walk_one_cm":220817,"minecraft:drop":52,"minecraft:talked_to_villager":1,"minecraft:play_time":151479,"minecraft:sneak_time":3805,"minecraft:deaths":5,"minecraft:walk_under_water_one_cm":4467,"minecraft:jump":2157,"minecraft:walk_on_water_one_cm":21135,"minecraft:total_world_time":151479,"minecraft:interact_with_furnace":40,"vampirism:interact_with_research_table":1,"minecraft:interact_with_grindstone":2,"minecraft:time_since_rest":86884,"minecraft:damage_taken":3248,"minecraft:trigger_trapped_chest":4,"minecraft:damage_dealt":5153,"minecraft:swim_one_cm":41249,"minecraft:fly_one_cm":329804,"minecraft:open_chest":117,"minecraft:crouch_one_cm":3375,"minecraft:fall_one_cm":69055},"minecraft:crafted":{"minecraft:oak_door":3,"minecraft:oak_planks":68,"minecraft:cobblestone_slab":6,"minecraft:furnace":1,"minecraft:iron_boots":2,"minecraft:iron_axe":1,"minecraft:stone_pickaxe":17,"minecraft:chest":6,"minecraft:wheat":477,"minecraft:cooked_porkchop":4,"minecraft:crafting_table":1,"minecraft:wooden_pickaxe":1,"minecraft:iron_sword":1,"minecraft:birch_planks":28,"minecraft:stone_axe":1,"minecraft:bread":231,"minecraft:air":0,"minecraft:jungle_planks":28,"minecraft:stick":120,"minecraft:iron_ingot":60,"minecraft:iron_pickaxe":2,"minecraft:wooden_axe":1,"minecraft:torch":84,"ironchest:iron_chest":4,"minecraft:polished_andesite":4},"minecraft:dropped":{"minecraft:iron_sword":1,"iceandfire:raw_silver":12,"vampirism:vampire_book":1,"minecraft:feather":1,"minecraft:cobblestone":5,"vampirism:item_tent":1,"minecraft:stick":76,"minecraft:rabbit":1,"gravestone:obituary":8,"minecraft:iron_pickaxe":1,"iceandfire:dragon_skull_fire":1,"minecraft:bone":2,"minecraft:oak_door":1,"minecraft:sugar_cane":5,"minecraft:wheat":3,"vampirism:holy_water_bottle_ultimate":1,"minecraft:raw_iron":9,"minecraft:rotten_flesh":11,"minecraft:iron_boots":1,"minecraft:oak_planks":8,"vampirism:armor_of_swiftness_chest_ultimate":2,"minecraft:spruce_fence":1,"minecraft:rabbit_hide":2,"minecraft:stone_pickaxe":9,"minecraft:wooden_pickaxe":1,"iceandfire:manuscript":7},"minecraft:killed_by":{"vampirism:advanced_vampire":1,"minecraft:skeleton":1,"vampirism:vampire":1},"minecraft:picked_up":{"minecraft:cocoa_beans":6,"minecraft:crafting_table":4,"minecraft:iron_chestplate":1,"minecraft:wheat":3,"minecraft:chicken":1,"minecraft:smithing_table":1,"minecraft:wither_rose":2,"gravestone:obituary":3,"iceandfire:manuscript":7,"minecraft:string":2,"minecraft:raw_copper":69,"minecraft:iron_leggings":1,"minecraft:cobbled_deepslate":24,"minecraft:beef":9,"minecraft:cobblestone_slab":1,"minecraft:poppy":1,"minecraft:iron_pickaxe":1,"minecraft:melon_slice":7,"minecraft:sugar_cane":5,"minecraft:birch_sapling":2,"minecraft:furnace":2,"minecraft:stick":42,"minecraft:raw_iron":87,"minecraft:sandstone":17,"iceandfire:dragonbone":26,"minecraft:oak_door":1,"iceandfire:deathworm_chitin_red":2,"minecraft:torch":41,"minecraft:spruce_fence":1,"minecraft:porkchop":4,"vampirism:alchemical_cauldron":1,"minecraft:diorite":13,"iceandfire:deathworm_chitin_white":6,"minecraft:redstone":47,"vampirism:hunter_table":1,"minecraft:rotten_flesh":11,"minecraft:arrow":2,"minecraft:cactus":7,"create:ochrum":1,"iceandfire:deathworm_chitin_yellow":2,"minecraft:hay_block":53,"create:veridium":11,"minecraft:cobblestone":515,"minecraft:birch_log":7,"vampirism:vampire_book":1,"vampirism:weapon_table":1,"minecraft:feather":1,"vampirism:item_tent":5,"minecraft:glow_ink_sac":6,"minecraft:andesite":214,"minecraft:jungle_log":7,"minecraft:leather":2,"minecraft:tuff":1,"create:raw_zinc":10,"minecraft:oak_log":36,"minecraft:lapis_lazuli":21,"minecraft:smooth_sandstone":2,"minecraft:bone":4,"minecraft:raw_gold":28,"minecraft:rabbit_hide":2,"minecraft:stone_pickaxe":1,"minecraft:iron_ingot":4,"minecraft:rabbit":3,"vampirism:holy_water_bottle_ultimate":1,"minecraft:iron_sword":1,"minecraft:oak_planks":8,"vampirism:potion_table":1,"iceandfire:dragon_skull_fire":2,"minecraft:sand":66,"vampirism:crucifix_normal":1,"minecraft:iron_helmet":1,"minecraft:granite":17,"minecraft:oak_sapling":16,"vampirism:armor_of_swiftness_chest_ultimate":2,"minecraft:coal":102,"iceandfire:raw_silver":12}},"DataVersion":3465}